标题,订阅地址,最后更新,分类,类型,国家,语言,来源
CNBC Finance,https://search.cnbc.com/rs/search/combinedcms/view.xml?partnerId=wrss01&id=10000664,,金融财经,分类订阅,美国,英文,手动添加
Yahoo Finance,https://finance.yahoo.com/news/rssindex,,金融财经,分类订阅,美国,英文,手动添加
FT中文网,https://www.ftchinese.com/rss/news,,金融财经,分类订阅,英国,中文,手动添加
界面新闻-金融,https://a.jiemian.com/index.php?m=article&a=rss&cid=4,,金融财经,分类订阅,中国,中文,手动添加
CoinDesk,https://www.coindesk.com/arc/outboundfeeds/rss/,,金融财经,分类订阅,美国,英文,手动添加
Investing.com News,https://www.investing.com/rss/news.rss,,金融财经,分类订阅,美国,英文,手动添加
Quartz,https://qz.com/feed,,金融财经,分类订阅,美国,英文,手动添加
The Economist,https://www.economist.com/the-world-this-week/rss.xml,,金融财经,分类订阅,英国,英文,手动添加
WSJ Markets,https://feeds.a.dj.com/rss/RSSMarketsMain.xml,,金融财经,分类订阅,美国,英文,手动添加
The Verge,https://www.theverge.com/rss/index.xml,,全球科技,分类订阅,美国,英文,手动添加
TechCrunch,https://techcrunch.com/feed/,,全球科技,分类订阅,美国,英文,手动添加
Wired,https://www.wired.com/feed/rss,,全球科技,分类订阅,美国,英文,手动添加
Ars Technica,https://feeds.arstechnica.com/arstechnica/index,,全球科技,分类订阅,美国,英文,手动添加
The Next Web,https://thenextweb.com/feed,,全球科技,分类订阅,荷兰,英文,手动添加
Engadget 中国版,https://chinese.engadget.com/rss.xml,,全球科技,分类订阅,美国,中文,手动添加
36氪 36Kr,https://36kr.com/feed,,国内科技,分类订阅,中国,中文,手动添加
Solidot,https://www.solidot.org/index.rss,,国内科技,分类订阅,中国,中文,手动添加
爱范儿 ifanr,https://www.ifanr.com/feed,,国内科技,分类订阅,中国,中文,手动添加
月光博客,https://www.williamlong.info/rss.xml,,国内科技,分类订阅,中国,中文,手动添加
New York Times,https://rss.nytimes.com/services/xml/rss/nyt/HomePage.xml,,国际新闻,分类订阅,美国,英文,手动添加
BBC News,http://feeds.bbci.co.uk/news/rss.xml,,国际新闻,分类订阅,英国,英文,手动添加
NPR News,https://feeds.npr.org/1001/rss.xml,,国际新闻,分类订阅,美国,英文,手动添加
GitHub Blog,https://github.blog/feed/,,编程开发,分类订阅,美国,英文,手动添加
Stack Overflow Blog,https://stackoverflow.blog/feed/,,编程开发,分类订阅,美国,英文,手动添加
Real Python,https://realpython.com/atom.xml,,编程开发,分类订阅,美国,英文,手动添加
Martin Fowler,https://martinfowler.com/feed.atom,,编程开发,分类订阅,美国,英文,手动添加
Netflix TechBlog,https://netflixtechblog.com/feed,,编程开发,分类订阅,美国,英文,手动添加
CSS-Tricks,https://css-tricks.com/feed/,,编程开发,分类订阅,美国,英文,手动添加
Go Blog,https://go.dev/blog/feed.atom,,编程开发,分类订阅,美国,英文,手动添加
Rust Blog,https://blog.rust-lang.org/feed.xml,,编程开发,分类订阅,美国,英文,手动添加
FreeCodeCamp,https://www.freecodecamp.org/news/rss/,,编程开发,分类订阅,美国,英文,手动添加
OpenAI Blog,https://openai.com/blog/rss.xml,,人工智能,分类订阅,美国,英文,手动添加
MIT Tech Review,https://www.technologyreview.com/feed/,,人工智能,分类订阅,美国,英文,手动添加
VentureBeat,https://venturebeat.com/feed/,,人工智能,分类订阅,美国,英文,手动添加
Hugging Face,https://huggingface.co/blog/feed.xml,,人工智能,分类订阅,美国,英文,手动添加
Google AI Blog,http://googleaiblog.blogspot.com/atom.xml,,人工智能,分类订阅,美国,英文,手动添加
Smashing Magazine,https://www.smashingmagazine.com/feed/,,设计与产品,分类订阅,德国,英文,手动添加
Sidebar.io,https://sidebar.io/feed.xml,,设计与产品,分类订阅,美国,英文,手动添加
A List Apart,https://alistapart.com/main/feed,,设计与产品,分类订阅,美国,英文,手动添加
Nielsen Norman Group,https://www.nngroup.com/feed/rss/,,设计与产品,分类订阅,美国,英文,手动添加
Muzli,https://medium.com/feed/muzli-design-inspiration,,设计与产品,分类订阅,美国,英文,手动添加
Figma Blog,https://www.figma.com/blog/feed/atom.xml,,设计与产品,分类订阅,美国,英文,手动添加
阮一峰的网络日志,http://www.ruanyifeng.com/blog/atom.xml,,中文博客,个人博客,中国,中文,手动添加
酷壳 CoolShell,https://coolshell.cn/feed,,中文博客,个人博客,中国,中文,手动添加
槽边往事,https://www.bitinn.net/feed/,,中文博客,个人博客,中国,中文,手动添加
可能吧,https://kenengba.com/feed,,中文博客,个人博客,中国,中文,手动添加
Livid,https://livid.v2ex.com/feed,,中文博客,个人博客,中国,中文,手动添加
Matrix67,http://www.matrix67.com/blog/feed,,中文博客,个人博客,中国,中文,手动添加
DIYgod,https://diygod.cc/feed,,中文博客,个人博客,中国,中文,手动添加
Paul的博客,https://paugram.com/feed,,中文博客,个人博客,中国,中文,手动添加
土木坛子,https://tumutanzi.com/feed,,中文博客,个人博客,中国,中文,手动添加
Randy's Blog,https://lutaonan.com/rss.xml,,中文博客,个人博客,中国,中文,手动添加
Nova Kwok,https://nova.moe/feed,,中文博客,个人博客,中国,中文,手动添加
机核网 GCORES,https://www.gcores.com/rss,,游戏娱乐,分类订阅,中国,中文,手动添加
Daring Fireball,https://daringfireball.net/feeds/main,,数码设备,个人博客,美国,英文,手动添加
9to5Mac,https://9to5mac.com/feed/,,数码设备,分类订阅,美国,英文,手动添加
Android Police,https://www.androidpolice.com/feed/,,数码设备,分类订阅,美国,英文,手动添加
Lifehacker,https://lifehacker.com/rss,,生活效率,分类订阅,美国,英文,手动添加
Mashable,https://mashable.com/feed,,生活效率,分类订阅,美国,英文,手动添加
小众软件,https://www.appinn.com/feed/,,软件应用,分类订阅,中国,中文,手动添加
奔跑中的奶酪,https://www.runningcheese.com/feed,,软件应用,个人博客,中国,中文,手动添加
Kaichao You,https://youkaichao.github.io/feed.xml,,中文博客,个人博客,中国,中文,中文独立博客项目
HelloDog,https://wsgzao.github.io/atom.xml,,中文博客,个人博客,中国,中文,中文独立博客项目
莫尔索,https://liduos.com/atom.xml,2025/12/31,中文博客,个人博客,中国,中文,中文独立博客项目
Qborfy知识库,https://qborfy.com/atom.xml,2025/12/31,中文博客,个人博客,中国,中文,中文独立博客项目
硕鼠的博客站,http://lukefan.com/?feed=rss2,2025/12/24,中文博客,个人博客,中国,中文,中文独立博客项目
seisamuse,https://www.seis-jun.xyz/atom.xml,2025/12/24,中文博客,个人博客,中国,中文,中文独立博客项目
费照君个人网站,https://feizhaojun.com/?feed=rss2,2025/12/24,中文博客,个人博客,中国,中文,中文独立博客项目
bboysoul的博客,https://www.bboy.app/atom.xml,2025/12/24,中文博客,个人博客,中国,中文,中文独立博客项目
张洪Heo,https://blog.zhheo.com/rss.xml,2025/12/24,中文博客,个人博客,中国,中文,中文独立博客项目
Tony Bai,http://feed.tonybai.com/,2025/12/24,中文博客,个人博客,中国,中文,中文独立博客项目
晓空blog,https://blog.moeworld.tech/feed/,2025/12/24,中文博客,个人博客,中国,中文,中文独立博客项目
Laike9m's blog,https://laike9m.com/blog/rss/,2025/12/24,中文博客,个人博客,中国,中文,中文独立博客项目
Innomad一挪迈,https://innomad.io/feed,2025/12/24,中文博客,个人博客,中国,中文,中文独立博客项目
南蛮子懋和,https://www.dao.js.cn/feed.php,2025/12/24,中文博客,个人博客,中国,中文,中文独立博客项目
OneCoder的博客,https://www.coderli.com/feed.xml,2025/12/24,中文博客,个人博客,中国,中文,中文独立博客项目
菲兹克斯喵,https://physnya.top/atom.xml,2025/12/24,中文博客,个人博客,中国,中文,中文独立博客项目
WSH,https://www.wsh233.cn/feed.xml,2025/12/24,中文博客,个人博客,中国,中文,中文独立博客项目
s22y,https://blog.s22y.moe/rss.xml,2025/12/24,中文博客,个人博客,中国,中文,中文独立博客项目
蒙需,https://jiangcl.com/feed,2025/12/24,中文博客,个人博客,中国,中文,中文独立博客项目
王圆圆,https://www.iconpik.com/rss/,2025/12/24,中文博客,个人博客,中国,中文,中文独立博客项目
Playbook,https://rss.politico.com/playbook.xml,2025/12/24,United States,国家新闻,美国,英语,Awesome RSS Feeds
FOX News,http://feeds.foxnews.com/foxnews/latest,2025/12/24,United States,国家新闻,美国,英语,Awesome RSS Feeds
Yahoo News - Latest News & Headlines,https://news.yahoo.com/rss/mostviewed,2025/12/24,United States,国家新闻,美国,英语,Awesome RSS Feeds
阮一峰的网络日志,http://feeds.feedburner.com/ruanyifeng,2025/12/23,中文博客,个人博客,中国,中文,中文独立博客项目
云风的 BLOG,http://blog.codingnow.com/atom.xml,2025/12/23,中文博客,个人博客,中国,中文,中文独立博客项目
全栈应用开发:精益实践,https://www.phodal.com/blog/feeds/rss/,2025/12/23,中文博客,个人博客,中国,中文,中文独立博客项目
云原生,https://jimmysong.io/index.xml,2025/12/23,中文博客,个人博客,中国,中文,中文独立博客项目
夜行人,https://wwj718.github.io/index.xml,2025/12/23,中文博客,个人博客,中国,中文,中文独立博客项目
KAIX.IN,https://kaix.in/feed/,2025/12/23,中文博客,个人博客,中国,中文,中文独立博客项目
卢昌海的个人主页,https://www.changhai.org/feed.xml,2025/12/23,中文博客,个人博客,中国,中文,中文独立博客项目
游魂博客,https://www.iyouhun.com/rss.php,2025/12/23,中文博客,个人博客,中国,中文,中文独立博客项目
文艺数学君,https://mathpretty.com/feed/,2025/12/23,中文博客,个人博客,中国,中文,中文独立博客项目
Eric's Blog,https://wsdjeg.net/feed.xml,2025/12/23,中文博客,个人博客,中国,中文,中文独立博客项目
懒得勤快的博客,https://masuit.com/rss,2025/12/23,中文博客,个人博客,中国,中文,中文独立博客项目
游戏研究社,https://www.yystv.cn/rss/feed,2025/12/23,中文博客,个人博客,中国,中文,中文独立博客项目
祝融说,https://zhurongshuo.com/index.xml,2025/12/23,中文博客,个人博客,中国,中文,中文独立博客项目
福强说 一个架构士的思考与沉淀,https://afoo.me/feeds.xml,2025/12/23,中文博客,个人博客,中国,中文,中文独立博客项目
程序员充电站,https://itcharge.cn/feed/,2025/12/23,中文博客,个人博客,中国,中文,中文独立博客项目
竹林里有冰的博客,https://zhul.in/rss.xml,2025/12/23,中文博客,个人博客,中国,中文,中文独立博客项目
conge,https://conge.github.io/feed.xml,2025/12/23,中文博客,个人博客,中国,中文,中文独立博客项目
Mephisto's blog,https://mephisto.cc/index.xml,2025/12/23,中文博客,个人博客,中国,中文,中文独立博客项目
Jing Blog,https://jingine.com/feed/,2025/12/23,中文博客,个人博客,中国,中文,中文独立博客项目
万圣节恶魔的领地,https://cytrogen.icu/atom.xml,2025/12/23,中文博客,个人博客,中国,中文,中文独立博客项目
obaby@mars,https://h4ck.org.cn/feed/,2025/12/23,中文博客,个人博客,中国,中文,中文独立博客项目
柴郡猫,https://www.cheshirex.com/feed,2025/12/23,中文博客,个人博客,中国,中文,中文独立博客项目
重生云,https://xiaochopin.github.io/feed.xml,2025/12/23,中文博客,个人博客,中国,中文,中文独立博客项目
Mox的笔记库,https://mocusez.site/zh-CN/atom.xml,2025/12/23,中文博客,个人博客,中国,中文,中文独立博客项目
粥里有勺糖,https://sugarat.top/feed.rss,2025/12/23,中文博客,个人博客,中国,中文,中文独立博客项目
椒盐豆豉,https://blog.douchi.space/index.xml,2025/12/23,中文博客,个人博客,中国,中文,中文独立博客项目
data4fun,https://data4fun.cc/index.xml,2025/12/23,中文博客,个人博客,中国,中文,中文独立博客项目
Taxodium,https://taxodium.ink/rss.xml,2025/12/23,中文博客,个人博客,中国,中文,中文独立博客项目
独元殇,https://www.ccgxk.com/rss.php,2025/12/23,中文博客,个人博客,中国,中文,中文独立博客项目
明立非(Mingnify)的博客,https://mingnify.com/zh/blog/atom.xml,2025/12/23,中文博客,个人博客,中国,中文,中文独立博客项目
ICDYCT我能你也行,https://zelikk.blogspot.com/rss.xml,2025/12/23,中文博客,个人博客,中国,中文,中文独立博客项目
"World News - Breaking News, Top Stories",https://www.huffpost.com/section/world-news/feed,2025/12/23,United States,国家新闻,美国,英语,Awesome RSS Feeds
张鑫旭-鑫空间-鑫生活,http://www.zhangxinxu.com/wordpress/?feed=rss2,2025/12/22,中文博客,个人博客,中国,中文,中文独立博客项目
UsubeniFantasy,https://ssshooter.com/rss.xml,2025/12/22,中文博客,个人博客,中国,中文,中文独立博客项目
维基萌,https://www.wikimoe.com/rss.php,2025/12/22,中文博客,个人博客,中国,中文,中文独立博客项目
61's life,https://61.life/feed.xml,2025/12/22,中文博客,个人博客,中国,中文,中文独立博客项目
@Lenciel,https://lenciel.com/feed.xml,2025/12/22,中文博客,个人博客,中国,中文,中文独立博客项目
安志合的学习博客,https://chegva.com/feed/,2025/12/22,中文博客,个人博客,中国,中文,中文独立博客项目
I'm OWenT,https://owent.net/index.xml,2025/12/22,中文博客,个人博客,中国,中文,中文独立博客项目
同和故事匯,https://hocassian.cn/feed/,2025/12/22,中文博客,个人博客,中国,中文,中文独立博客项目
黑羽的个人博客,https://blog.thetbw.xyz/atom.xml,2025/12/22,中文博客,个人博客,中国,中文,中文独立博客项目
openSUSE 中文社区,https://suse.org.cn/feed.xml,2025/12/22,中文博客,个人博客,中国,中文,中文独立博客项目
Tw93 的博客,https://tw93.fun/feed.xml,2025/12/22,中文博客,个人博客,中国,中文,中文独立博客项目
Dejavu's Blog,https://blog.dejavu.moe/index.xml,2025/12/22,中文博客,个人博客,中国,中文,中文独立博客项目
xxxx的个人博客,https://www.windsong.top/atom.xml,2025/12/22,中文博客,个人博客,中国,中文,中文独立博客项目
Krysztal的书桌,https://blog.krysztal.dev/atom.xml,2025/12/22,中文博客,个人博客,中国,中文,中文独立博客项目
Another Dayu,https://anotherdayu.com/feed/,2025/12/22,中文博客,个人博客,中国,中文,中文独立博客项目
游钓四方,https://lhasa.icu/atom.xml,2025/12/22,中文博客,个人博客,中国,中文,中文独立博客项目
肘子的 Swift 记事本,https://fatbobman.com/zh/rss.xml,2025/12/22,中文博客,个人博客,中国,中文,中文独立博客项目
Kerry的学习笔记,https://kerrynotes.com/feed/,2025/12/22,中文博客,个人博客,中国,中文,中文独立博客项目
阿掖山·博客,https://blog.mountaye.com/feed.xml,2025/12/22,中文博客,个人博客,中国,中文,中文独立博客项目
Nicksxs's Blog,https://nicksxs.me/atom.xml,2025/12/21,中文博客,个人博客,中国,中文,中文独立博客项目
胡涂说,https://hutusi.com/feed.xml,2025/12/21,中文博客,个人博客,中国,中文,中文独立博客项目
Yiran's Blog,https://zdyxry.github.io/atom.xml,2025/12/21,中文博客,个人博客,中国,中文,中文独立博客项目
老高的博客,https://blog.mute-g.com/index.xml,2025/12/21,中文博客,个人博客,中国,中文,中文独立博客项目
素生,http://z.arlmy.me/atom.xml,2025/12/21,中文博客,个人博客,中国,中文,中文独立博客项目
Xieisabug,https://www.xiejingyang.com/feed/,2025/12/21,中文博客,个人博客,中国,中文,中文独立博客项目
Joway's Blog,https://blog.joway.io/index.xml,2025/12/21,中文博客,个人博客,中国,中文,中文独立博客项目
逸思杂陈,https://blog.ponder.work/atom.xml,2025/12/21,中文博客,个人博客,中国,中文,中文独立博客项目
渚碧,https://jubeny.com/feed.xml,2025/12/21,中文博客,个人博客,中国,中文,中文独立博客项目
陈少文的博客,https://www.chenshaowen.com/atom.xml,2025/12/21,中文博客,个人博客,中国,中文,中文独立博客项目
浮云翩迁之间,https://blognas.hwb0307.com/feed/,2025/12/21,中文博客,个人博客,中国,中文,中文独立博客项目
happy xiao 的博客,https://happyxiao.com/feed,2025/12/21,中文博客,个人博客,中国,中文,中文独立博客项目
草梅友仁的博客,https://blog.cmyr.ltd/atom.xml,2025/12/21,中文博客,个人博客,中国,中文,中文独立博客项目
子虚栈,https://blog.si-on.top/atom.xml,2025/12/21,中文博客,个人博客,中国,中文,中文独立博客项目
文武科技柜,https://www.wangdu.site/feed,2025/12/21,中文博客,个人博客,中国,中文,中文独立博客项目
局域自由,https://localfreedom.pages.dev/index.xml,2025/12/21,中文博客,个人博客,中国,中文,中文独立博客项目
云心怀鹤,https://bluehe.cn/feed/,2025/12/21,中文博客,个人博客,中国,中文,中文独立博客项目
码农明明桑,https://isming.me/index.xml,2025/12/21,中文博客,个人博客,中国,中文,中文独立博客项目
清羽飞扬,https://blog.liushen.fun/atom.xml,2025/12/21,中文博客,个人博客,中国,中文,中文独立博客项目
Watermelonabc的Blog,https://watermelonabc.top/atom.xml,2025/12/21,中文博客,个人博客,中国,中文,中文独立博客项目
酥米的小站,https://www.sumi233.top/rss.xml,2025/12/21,中文博客,个人博客,中国,中文,中文独立博客项目
Honesty,https://blog.hehouhui.cn/rss/feed.xml,2025/12/21,中文博客,个人博客,中国,中文,中文独立博客项目
lucifer的网络博客,https://lucifer.ren/blog/atom.xml,2025/12/20,中文博客,个人博客,中国,中文,中文独立博客项目
Louis Aeilot's Blog,https://blog.aeilot.top/index.xml,2025/12/20,中文博客,个人博客,中国,中文,中文独立博客项目
luozhiyun`s Blog 我的技术分享,https://www.luozhiyun.com/feed,2025/12/20,中文博客,个人博客,中国,中文,中文独立博客项目
涛叔,https://taoshu.in/feed.xml,2025/12/20,中文博客,个人博客,中国,中文,中文独立博客项目
愆伏,https://www.tortorse.com/atom.xml,2025/12/20,中文博客,个人博客,中国,中文,中文独立博客项目
印记,https://yinji.org/feed,2025/12/20,中文博客,个人博客,中国,中文,中文独立博客项目
ShineKid,https://shinekid.com/feed/,2025/12/20,中文博客,个人博客,中国,中文,中文独立博客项目
Lei Mao's Log Book,https://leimao.github.io/atom.xml,2025/12/20,中文博客,个人博客,中国,中文,中文独立博客项目
子舒的博客,https://zishu.me/index.xml,2025/12/20,中文博客,个人博客,中国,中文,中文独立博客项目
碎言博客,https://suiyan.cc/rss.xml,2025/12/20,中文博客,个人博客,中国,中文,中文独立博客项目
豌豆花下猫 - Python猫,https://pythoncat.top/rss.xml,2025/12/20,中文博客,个人博客,中国,中文,中文独立博客项目
白菜,https://blog.baicai.me/index.xml,2025/12/20,中文博客,个人博客,中国,中文,中文独立博客项目
映屿,https://www.glowisle.me/atom.xml,2025/12/20,中文博客,个人博客,中国,中文,中文独立博客项目
水星投资理财,http://mercurychong.blogspot.com/feeds/posts/default,2025/12/19,中文博客,个人博客,中国,中文,中文独立博客项目
Joe's Blog,https://hijiangtao.github.io/feed.xml,2025/12/19,中文博客,个人博客,中国,中文,中文独立博客项目
姬涛的个人网站,https://www.jitao.tech/rss.xml,2025/12/19,中文博客,个人博客,中国,中文,中文独立博客项目
GamerNoTitle,https://bili33.top/atom.xml,2025/12/19,中文博客,个人博客,中国,中文,中文独立博客项目
静风说,http://www.jfsay.com/feed,2025/12/19,中文博客,个人博客,中国,中文,中文独立博客项目
方永、南天紫云,https://www.vinoca.org/atom.xml,2025/12/19,中文博客,个人博客,中国,中文,中文独立博客项目
Anjhon’s Blog,https://www.anjhon.top/feed,2025/12/19,中文博客,个人博客,中国,中文,中文独立博客项目
蒲小花的博客,https://www.jackpu.com/rss/,2025/12/19,中文博客,个人博客,中国,中文,中文独立博客项目
雷蒙三十,https://raymondhouch.com/feed,2025/12/19,中文博客,个人博客,中国,中文,中文独立博客项目
东东's Blog,https://blog.yasking.org/atom.xml,2025/12/19,中文博客,个人博客,中国,中文,中文独立博客项目
MacTalk-池建强的随想录,http://macshuo.com/?feed=rss2,2025/12/18,中文博客,个人博客,中国,中文,中文独立博客项目
代码家,https://daimajia.com/feed,2025/12/18,中文博客,个人博客,中国,中文,中文独立博客项目
Mr. PM 下午先生,http://feeds.feedburner.com/pmmustknow,2025/12/18,中文博客,个人博客,中国,中文,中文独立博客项目
ChrAlpha 的幻想乡（博客）,https://blog.ichr.me/atom.xml,2025/12/18,中文博客,个人博客,中国,中文,中文独立博客项目
YeungYeah 的乱写地,http://scottyeung.top/atom.xml,2025/12/18,中文博客,个人博客,中国,中文,中文独立博客项目
二丫讲梵,https://wiki.eryajf.net/rss.xml,2025/12/18,中文博客,个人博客,中国,中文,中文独立博客项目
火喵日记本,https://www.mmbkz.cn/feed,2025/12/18,中文博客,个人博客,中国,中文,中文独立博客项目
我不是咕咕鸽,https://blog.laoda.de/rss.xml,2025/12/18,中文博客,个人博客,中国,中文,中文独立博客项目
丘卡饮品店,https://blog.zerolacqua.top/atom.xml,2025/12/18,中文博客,个人博客,中国,中文,中文独立博客项目
Jame,https://jame.work/feed.xml,2025/12/18,中文博客,个人博客,中国,中文,中文独立博客项目
Peter267,https://peter267.github.io/atom.xml,2025/12/18,中文博客,个人博客,中国,中文,中文独立博客项目
0xd00's blog,https://blog.0xd00.com/rss.xml,2025/12/18,中文博客,个人博客,中国,中文,中文独立博客项目
土木坛子,https://tumutanzi.com/feed,2025/12/17,中文博客,个人博客,中国,中文,中文独立博客项目
Terrarum::异世界丨居正博客,https://blog.skyju.cc/index.xml,2025/12/17,中文博客,个人博客,中国,中文,中文独立博客项目
JustZht,https://www.justzht.com/rss/,2025/12/17,中文博客,个人博客,中国,中文,中文独立博客项目
lowinli's blog,https://lowin.li/atom.xml,2025/12/17,中文博客,个人博客,中国,中文,中文独立博客项目
非学·派,https://fxpai.com/feed,2025/12/17,中文博客,个人博客,中国,中文,中文独立博客项目
烧饼博客,https://u.sb/rss.xml,2025/12/17,中文博客,个人博客,中国,中文,中文独立博客项目
如有乐享,https://51.ruyo.net/feed,2025/12/17,中文博客,个人博客,中国,中文,中文独立博客项目
工劳小报,https://newsletter.laborinfocn.com/rss,2025/12/17,中文博客,个人博客,中国,中文,中文独立博客项目
SkyWT,https://blog.skywt.cn/feed/,2025/12/17,中文博客,个人博客,中国,中文,中文独立博客项目
明明如月的博客,https://lmmsoft.github.io/feed.atom,2025/12/17,中文博客,个人博客,中国,中文,中文独立博客项目
土法炼钢兴趣小组的博客,https://quant67.com/rss.xml,2025/12/17,中文博客,个人博客,中国,中文,中文独立博客项目
Ivan's blog,https://ivanli.cc/feed.xml,2025/12/17,中文博客,个人博客,中国,中文,中文独立博客项目
O3noBLOG,https://feeds.feedburner.com/othree,2025/12/16,中文博客,个人博客,中国,中文,中文独立博客项目
forecho 的独立博客,https://blog.forecho.com/atom.xml,2025/12/16,中文博客,个人博客,中国,中文,中文独立博客项目
西秦公子,https://www.ixiqin.com/feed/,2025/12/16,中文博客,个人博客,中国,中文,中文独立博客项目
LiesAuer's Blog,https://www.liesauer.net/blog/feed/,2025/12/16,中文博客,个人博客,中国,中文,中文独立博客项目
伪斜杠青年,http://i.lckiss.com/?feed=rss2,2025/12/16,中文博客,个人博客,中国,中文,中文独立博客项目
迷途小书童,https://xugaoxiang.com/feed,2025/12/16,中文博客,个人博客,中国,中文,中文独立博客项目
Clark's 尧望 Blog,https://www.dongyao.ren/feed/,2025/12/16,中文博客,个人博客,中国,中文,中文独立博客项目
Fernweh,https://blog.wohin.me/index.xml,2025/12/16,中文博客,个人博客,中国,中文,中文独立博客项目
泠泫凝的异次元空间,https://lxnchan.cn/atom.xml,2025/12/16,中文博客,个人博客,中国,中文,中文独立博客项目
distjr_'s blog,https://ruufly.github.io/atom.xml,2025/12/16,中文博客,个人博客,中国,中文,中文独立博客项目
叶泯希,https://blog.418121.xyz/rss2.xml,2025/12/16,中文博客,个人博客,中国,中文,中文独立博客项目
姓王者的博客,https://xingwangzhe.fun/rss.xml,2025/12/16,中文博客,个人博客,中国,中文,中文独立博客项目
Debug客栈,https://blog.debuginn.com/index.xml,2025/12/15,中文博客,个人博客,中国,中文,中文独立博客项目
OneV's Den,https://onevcat.com/feed.xml,2025/12/15,中文博客,个人博客,中国,中文,中文独立博客项目
双绞麻痹,https://numb.tech/atom.xml,2025/12/15,中文博客,个人博客,中国,中文,中文独立博客项目
喵二の小博客,https://www.miaoer.net/feed,2025/12/15,中文博客,个人博客,中国,中文,中文独立博客项目
Macin,https://www.macin.org/atom.xml,2025/12/15,中文博客,个人博客,中国,中文,中文独立博客项目
顶尖研发的个人博客,https://bestcoder.cn/feed,2025/12/15,中文博客,个人博客,中国,中文,中文独立博客项目
静かな森,https://innei.ren/feed,2025/12/14,中文博客,个人博客,中国,中文,中文独立博客项目
欧雷流,https://ourai.ws/atom.xml,2025/12/14,中文博客,个人博客,中国,中文,中文独立博客项目
读写错误,https://ioerr.github.io/index.xml,2025/12/14,中文博客,个人博客,中国,中文,中文独立博客项目
Shadow Walker 松烟阁,https://www.edony.ink/rss/,2025/12/14,中文博客,个人博客,中国,中文,中文独立博客项目
烟草的香味,https://hujingnb.com/feed,2025/12/14,中文博客,个人博客,中国,中文,中文独立博客项目
Pseudoyu,https://www.pseudoyu.com/zh/index.xml,2025/12/14,中文博客,个人博客,中国,中文,中文独立博客项目
Raz1ner,https://raz1ner.com/atom.xml,2025/12/14,中文博客,个人博客,中国,中文,中文独立博客项目
一个工匠,https://www.yigegongjiang.com/atom.xml,2025/12/14,中文博客,个人博客,中国,中文,中文独立博客项目
千里之豪,https://blog.gadore.top/feed.xml,2025/12/14,中文博客,个人博客,中国,中文,中文独立博客项目
暮冬Z羡慕的博客,https://forcheetah.github.io/atom.xml,2025/12/14,中文博客,个人博客,中国,中文,中文独立博客项目
泫言,https://blog.cugxuan.cn/atom.xml,2025/12/14,中文博客,个人博客,中国,中文,中文独立博客项目
叶寻的博客,https://cyrusyip.org/zh-cn/index.xml,2025/12/13,中文博客,个人博客,中国,中文,中文独立博客项目
W4J1e's blog,https://hin.cool/atom.xml,2025/12/13,中文博客,个人博客,中国,中文,中文独立博客项目
沉舟侧畔 Blog,https://springwood.me/feed/,2025/12/13,中文博客,个人博客,中国,中文,中文独立博客项目
SKYue's Home,https://www.skyue.com/feed/,2025/12/13,中文博客,个人博客,中国,中文,中文独立博客项目
Yubolun 博客,https://yubolun.com/feed.xml,2025/12/13,中文博客,个人博客,中国,中文,中文独立博客项目
农码生涯 无酒无花,https://nicrosoft.net/blog/feed/,2025/12/13,中文博客,个人博客,中国,中文,中文独立博客项目
面条实验室,https://feed.miantiao.me/,2025/12/13,中文博客,个人博客,中国,中文,中文独立博客项目
Cosmos的博客,https://cosmo-polite.com/feed/,2025/12/13,中文博客,个人博客,中国,中文,中文独立博客项目
mafeifan的技术博客,https://mafeifan.com/feed.rss,2025/12/13,中文博客,个人博客,中国,中文,中文独立博客项目
叉息的空中咖啡馆,https://www.xchere.fun/atom.xml,2025/12/13,中文博客,个人博客,中国,中文,中文独立博客项目
蚊子前端博客,https://www.xiabingbao.com/atom.xml,2025/12/12,中文博客,个人博客,中国,中文,中文独立博客项目
Est's Blog,http://feeds.feedburner.com/initiative,2025/12/12,中文博客,个人博客,中国,中文,中文独立博客项目
林林杂语,https://www.xiaozonglin.cn/feed/,2025/12/12,中文博客,个人博客,中国,中文,中文独立博客项目
Peijie's Wiki,https://liupj.top/atom.xml,2025/12/12,中文博客,个人博客,中国,中文,中文独立博客项目
Rei's Blog,https://rei.ac/index.xml,2025/12/12,中文博客,个人博客,中国,中文,中文独立博客项目
运维咖啡吧,https://blog.ops-coffee.cn/feed.xml,2025/12/12,中文博客,个人博客,中国,中文,中文独立博客项目
卡瓦邦噶！,https://www.kawabangga.com/feed,2025/12/12,中文博客,个人博客,中国,中文,中文独立博客项目
唐巧的博客,https://blog.devtang.com/atom.xml,2025/12/11,中文博客,个人博客,中国,中文,中文独立博客项目
jax - 走在路上,https://cdjax.com/?feed=rss2,2025/12/11,中文博客,个人博客,中国,中文,中文独立博客项目
雪猫社,https://www.yukicat.net/feed/,2025/12/11,中文博客,个人博客,中国,中文,中文独立博客项目
张智勇,https://zyzhang.com/feed/,2025/12/11,中文博客,个人博客,中国,中文,中文独立博客项目
Sunset 的重构博客,https://blog.sunmkt.uk/feed.xml,2025/12/11,中文博客,个人博客,中国,中文,中文独立博客项目
BMPI,https://www.bmpi.dev/index.xml,2025/12/10,中文博客,个人博客,中国,中文,中文独立博客项目
Owen的博客,https://www.owenyoung.com/atom.xml,2025/12/10,中文博客,个人博客,中国,中文,中文独立博客项目
王登科-DK博客,https://greatdk.com/feed,2025/12/9,中文博客,个人博客,中国,中文,中文独立博客项目
地球人的空间,https://h.cjh0613.com/zh/index.xml,2025/12/9,中文博客,个人博客,中国,中文,中文独立博客项目
elmagnifico,http://elmagnifico.tech/feed.xml,2025/12/9,中文博客,个人博客,中国,中文,中文独立博客项目
程序员的喵,https://catcoding.me/atom.xml,2025/12/9,中文博客,个人博客,中国,中文,中文独立博客项目
Maohang Gao's Blog,https://kangaroogao.com/atom.xml,2025/12/9,中文博客,个人博客,中国,中文,中文独立博客项目
謝懿Shine©的AI博客,https://xieyi.org/rss.xml,2025/12/9,中文博客,个人博客,中国,中文,中文独立博客项目
Lyric,https://quaily.com/lyric/feed/atom,2025/12/8,中文博客,个人博客,中国,中文,中文独立博客项目
码志,https://mazhuang.org/feed.xml,2025/12/8,中文博客,个人博客,中国,中文,中文独立博客项目
fivestone - 同一种调调,http://blog.fivest.one/feed,2025/12/8,中文博客,个人博客,中国,中文,中文独立博客项目
小球飞鱼,https://mantyke.icu/index.xml,2025/12/8,中文博客,个人博客,中国,中文,中文独立博客项目
初之音,https://www.himiku.com/feed,2025/12/8,中文博客,个人博客,中国,中文,中文独立博客项目
Yi's Blog,https://ycao.top/feed.xml,2025/12/8,中文博客,个人博客,中国,中文,中文独立博客项目
Lenix Blog,https://blog.p2hp.com/feed,2025/12/7,中文博客,个人博客,中国,中文,中文独立博客项目
桑弧蓬矢射四方,https://iphyer.github.io/feed.xml,2025/12/7,中文博客,个人博客,中国,中文,中文独立博客项目
乔克叔叔的床边故事,https://lifeodyssey.github.io/atom.xml,2025/12/7,中文博客,个人博客,中国,中文,中文独立博客项目
谭新宇的博客,https://tanxinyu.work/atom.xml,2025/12/6,中文博客,个人博客,中国,中文,中文独立博客项目
R4y的博客,https://blog.12ms.xyz/feed/,2025/12/6,中文博客,个人博客,中国,中文,中文独立博客项目
Wayne的技术博客,https://blog.michealwayne.cn/atom.xml,2025/12/6,中文博客,个人博客,中国,中文,中文独立博客项目
风萧古道,https://windypath.com/rss.xml,2025/12/6,中文博客,个人博客,中国,中文,中文独立博客项目
云端的解构者,https://www.zheep.top/atom.xml,2025/12/6,中文博客,个人博客,中国,中文,中文独立博客项目
Dawner,https://dawner.top/atom.xml,2025/12/5,中文博客,个人博客,中国,中文,中文独立博客项目
木澤的研發腦,https://woodloch.blog/feed/,2025/12/5,中文博客,个人博客,中国,中文,中文独立博客项目
洛雪のCat,https://blog.sayhi.moe/index.php/feed/,2025/12/5,中文博客,个人博客,中国,中文,中文独立博客项目
夜法之书,https://blog.17lai.site/atom.xml,2025/12/5,中文博客,个人博客,中国,中文,中文独立博客项目
YOLO,https://www.yolo.blue/blog/rss.xml,2025/12/5,中文博客,个人博客,中国,中文,中文独立博客项目
罗磊的独立博客,http://luolei.org/feed/,2025/12/4,中文博客,个人博客,中国,中文,中文独立博客项目
清竹茶馆博客,https://blog.vadxq.com/atom.xml,2025/12/4,中文博客,个人博客,中国,中文,中文独立博客项目
陈仓颉,https://imzm.im/feed,2025/12/4,中文博客,个人博客,中国,中文,中文独立博客项目
某岛,http://www.shuizilong.com/house/feed/,2025/12/3,中文博客,个人博客,中国,中文,中文独立博客项目
M-x Chris-An-Emacser,https://chriszheng.science/atom.xml,2025/12/3,中文博客,个人博客,中国,中文,中文独立博客项目
WuSiYu Blog,https://wusiyu.me/feed/,2025/12/3,中文博客,个人博客,中国,中文,中文独立博客项目
Velas电波站,https://www.velasx.com/feed,2025/12/3,中文博客,个人博客,中国,中文,中文独立博客项目
Surmon.me,https://surmon.me/rss.xml,2025/12/3,中文博客,个人博客,中国,中文,中文独立博客项目
Cysime Moflu,https://blog.cysi.me/index.xml,2025/12/3,中文博客,个人博客,中国,中文,中文独立博客项目
Hubert's Blog,https://trle5.xyz/atom.xml,2025/12/3,中文博客,个人博客,中国,中文,中文独立博客项目
任霏博客,https://blog.renfei.net/rss.xml,2025/12/3,中文博客,个人博客,中国,中文,中文独立博客项目
闲人Life,https://www.xianrenlife.com/feeds/posts/default,2025/12/3,中文博客,个人博客,中国,中文,中文独立博客项目
Ke's blog,https://mengke.me/feed.xml,2025/12/3,中文博客,个人博客,中国,中文,中文独立博客项目
gentlelucky,https://blog.gentlelucky.com/zh/index.xml,2025/12/3,中文博客,个人博客,中国,中文,中文独立博客项目
DaBai,https://ucds.me/feed,2025/12/3,中文博客,个人博客,中国,中文,中文独立博客项目
橙树志,https://citydatum.cn/feed,2025/12/3,中文博客,个人博客,中国,中文,中文独立博客项目
重归混沌的BLOG,https://blog.gotocoding.com/feed/,2025/12/2,中文博客,个人博客,中国,中文,中文独立博客项目
Domon,https://www.domon.cn/rss/,2025/12/2,中文博客,个人博客,中国,中文,中文独立博客项目
smallyu的博客,https://smallyu.net/atom.xml,2025/12/2,中文博客,个人博客,中国,中文,中文独立博客项目
钟意博客,https://blog.thatcoder.cn/atom.xml,2025/12/2,中文博客,个人博客,中国,中文,中文独立博客项目
JZ's Rambles,https://ramble.imzh.me/index.xml,2025/12/2,中文博客,个人博客,中国,中文,中文独立博客项目
失迹の博客,https://blog.reincarnatey.net/index.xml,2025/12/2,中文博客,个人博客,中国,中文,中文独立博客项目
Niracler's Blog,https://niracler.com/rss.xml,2025/12/2,中文博客,个人博客,中国,中文,中文独立博客项目
把酒诗代码,https://102no.com/atom.xml,2025/12/1,中文博客,个人博客,中国,中文,中文独立博客项目
陈看川博客,https://kanchuan.com/feed.xml,2025/12/1,中文博客,个人博客,中国,中文,中文独立博客项目
Beyond the Void,https://www.byvoid.com/feed,2025/12/1,中文博客,个人博客,中国,中文,中文独立博客项目
墙外看的博客,https://qiangwaikan.com/feed/,2025/12/1,中文博客,个人博客,中国,中文,中文独立博客项目
[米随随] s5s5,https://s5s5.me/feed/,2025/12/1,中文博客,个人博客,中国,中文,中文独立博客项目
乌云盖雪,https://wygxmew.github.io/index.xml,2025/12/1,中文博客,个人博客,中国,中文,中文独立博客项目
Deeprouter,https://deeprouter.org/rss/feed.xml,2025/12/1,中文博客,个人博客,中国,中文,中文独立博客项目
繁星点点,https://blog.52013120.xyz/rss.xml,2025/12/1,中文博客,个人博客,中国,中文,中文独立博客项目
Mayx的博客,https://mabbs.github.io/atom.xml,2025/11/30,中文博客,个人博客,中国,中文,中文独立博客项目
Ground Oddity,http://idle.systems/atom.xml,2025/11/30,中文博客,个人博客,中国,中文,中文独立博客项目
不吐不快,https://mianao.info/atom.xml,2025/11/30,中文博客,个人博客,中国,中文,中文独立博客项目
旁逸斜出,https://www.mihu.live/feed/,2025/11/30,中文博客,个人博客,中国,中文,中文独立博客项目
Markon Review,https://markonreview.com/rss/,2025/11/30,中文博客,个人博客,中国,中文,中文独立博客项目
赫赫文王,https://kqh.me/index.xml,2025/11/30,中文博客,个人博客,中国,中文,中文独立博客项目
九仞之行,https://styunlen.cn/feed,2025/11/30,中文博客,个人博客,中国,中文,中文独立博客项目
Shuibaco • 水八口,https://shuiba.co/feed,2025/11/30,中文博客,个人博客,中国,中文,中文独立博客项目
AabyssZG's Blog,https://blog.zgsec.cn/feed/,2025/11/30,中文博客,个人博客,中国,中文,中文独立博客项目
smile 的博客花园,https://nsddd.top/zh/posts/index.xml,2025/11/30,中文博客,个人博客,中国,中文,中文独立博客项目
1A23 Studio,https://1a23.com/feed/,2025/11/29,中文博客,个人博客,中国,中文,中文独立博客项目
oldj's blog,https://oldj.net/feed,2025/11/29,中文博客,个人博客,中国,中文,中文独立博客项目
年华转瞬,https://blog.xiaket.org/feed.xml,2025/11/29,中文博客,个人博客,中国,中文,中文独立博客项目
一大加贝,https://tianheg.co/index.xml,2025/11/29,中文博客,个人博客,中国,中文,中文独立博客项目
涵哲子居,https://blog.afingpo.top/rss.xml,2025/11/29,中文博客,个人博客,中国,中文,中文独立博客项目
了迹奇有没,https://whrss.com/feed,2025/11/28,中文博客,个人博客,中国,中文,中文独立博客项目
Longlong's Blog,https://blog.xlonglong.cn/feed/,2025/11/28,中文博客,个人博客,中国,中文,中文独立博客项目
运维开发绿皮书,https://www.geekery.cn/rss.xml,2025/11/28,中文博客,个人博客,中国,中文,中文独立博客项目
墨寒轩,http://hankmo.com/index.xml,2025/11/28,中文博客,个人博客,中国,中文,中文独立博客项目
空鸣深语,https://blog.deepchirp.com/atom.xml,2025/11/27,中文博客,个人博客,中国,中文,中文独立博客项目
Henry Z's blog,https://changchen.me/atom.xml,2025/11/27,中文博客,个人博客,中国,中文,中文独立博客项目
Tinyfool的中文Blog,https://codechina.org/feed/,2025/11/26,中文博客,个人博客,中国,中文,中文独立博客项目
无辄的栈,https://www.zackwu.com/feed.xml,2025/11/26,中文博客,个人博客,中国,中文,中文独立博客项目
yiyun's Blog,https://moeci.com/atom.xml,2025/11/26,中文博客,个人博客,中国,中文,中文独立博客项目
Razeen's Blog,https://razeen.me/index.xml,2025/11/26,中文博客,个人博客,中国,中文,中文独立博客项目
Phuker's Blog,https://phuker.github.io/feeds/all.atom.xml,2025/11/25,中文博客,个人博客,中国,中文,中文独立博客项目
XINDOO的博客,https://zxs.io/feed,2025/11/24,中文博客,个人博客,中国,中文,中文独立博客项目
小涵Naiwenel,https://www.naiwenel.com/rss.xml,2025/11/24,中文博客,个人博客,中国,中文,中文独立博客项目
一派胡言,https://yipai.me/feed,2025/11/23,中文博客,个人博客,中国,中文,中文独立博客项目
Seraphineの小窝,https://www.helloseraphine.top/atom.xml,2025/11/23,中文博客,个人博客,中国,中文,中文独立博客项目
Peng's Blog,https://pengs.top/atom.xml,2025/11/23,中文博客,个人博客,中国,中文,中文独立博客项目
xulihang's blog,https://blog.xulihang.me/feed/,2025/11/22,中文博客,个人博客,中国,中文,中文独立博客项目
jdjwzx233-Blog,https://www.jdjwzx233.cn/atom.xml,2025/11/22,中文博客,个人博客,中国,中文,中文独立博客项目
Lyunvy's Blog,https://blog.lyunvy.top/atom.xml,2025/11/21,中文博客,个人博客,中国,中文,中文独立博客项目
Wulu's Blog,https://wulu.zone/feed/post.xml,2025/11/20,中文博客,个人博客,中国,中文,中文独立博客项目
Yuko's Blog,https://yuukoamamiya.github.io/index.xml,2025/11/20,中文博客,个人博客,中国,中文,中文独立博客项目
Raye's Journey,https://rayepeng.net/feed,2025/11/20,中文博客,个人博客,中国,中文,中文独立博客项目
林海草原,https://lhcy.org/feed,2025/11/19,中文博客,个人博客,中国,中文,中文独立博客项目
俟河清,https://naive514.top/atom.xml,2025/11/19,中文博客,个人博客,中国,中文,中文独立博客项目
如鱼饮水,https://wangjiezhe.com/atom.xml,2025/11/18,中文博客,个人博客,中国,中文,中文独立博客项目
虹线,https://1q43.blog/feed,2025/11/18,中文博客,个人博客,中国,中文,中文独立博客项目
土豆不好吃,https://dmesg.app/feed,2025/11/17,中文博客,个人博客,中国,中文,中文独立博客项目
PHP武器库,https://phpreturn.com/atom.xml,2025/11/17,中文博客,个人博客,中国,中文,中文独立博客项目
619's blog,https://66619.eu.org/feed/,2025/11/16,中文博客,个人博客,中国,中文,中文独立博客项目
LearnData 开源笔记,https://newzone.top/rss.xml,2025/11/16,中文博客,个人博客,中国,中文,中文独立博客项目
whyes的博客,https://whyes.org/feed.xml,2025/11/15,中文博客,个人博客,中国,中文,中文独立博客项目
Airing's Blog,https://blog.ursb.me/feed.xml,2025/11/15,中文博客,个人博客,中国,中文,中文独立博客项目
Stray Episode,https://farer.org/rss/,2025/11/15,中文博客,个人博客,中国,中文,中文独立博客项目
SЕSSのB10GТЕ5Т,https://sess.xhustudio.eu.org/feed.xml,2025/11/15,中文博客,个人博客,中国,中文,中文独立博客项目
笨方法学写作,https://www.cnfeat.com/feed.xml,2025/11/14,中文博客,个人博客,中国,中文,中文独立博客项目
可可托海没有海,https://darmau.co/zh/article/rss.xml,2025/11/14,中文博客,个人博客,中国,中文,中文独立博客项目
solaireh3,https://Ashlord.com/feed.xml,2025/11/14,中文博客,个人博客,中国,中文,中文独立博客项目
Frank's Weblog,https://nyan.im/feed,2025/11/13,中文博客,个人博客,中国,中文,中文独立博客项目
Android Performance,https://www.androidperformance.com/atom.xml,2025/11/12,中文博客,个人博客,中国,中文,中文独立博客项目
依云's Blog,https://blog.lilydjwg.me/posts.rss,2025/11/11,中文博客,个人博客,中国,中文,中文独立博客项目
icodex - 个人网站,https://icodex.me/atom.xml,2025/11/11,中文博客,个人博客,中国,中文,中文独立博客项目
shrik3,https://shrik3.com/index.xml,2025/11/11,中文博客,个人博客,中国,中文,中文独立博客项目
TrumanDu 博客,http://blog.trumandu.top/atom.xml,2025/11/10,中文博客,个人博客,中国,中文,中文独立博客项目
Sekyoro的博客小屋,https://www.sekyoro.top/atom.xml,2025/11/10,中文博客,个人博客,中国,中文,中文独立博客项目
Cirry's Blog,https://cirry.cn/rss.xml,2025/11/10,中文博客,个人博客,中国,中文,中文独立博客项目
澄沨的漫游茶记,https://champhoon.xyz/atom.xml,2025/11/9,中文博客,个人博客,中国,中文,中文独立博客项目
浮云游子意,https://leonson.me/feed.xml,2025/11/8,中文博客,个人博客,中国,中文,中文独立博客项目
DrPika's Blog,https://blog.drpika.com/atom.xml,2025/11/8,中文博客,个人博客,中国,中文,中文独立博客项目
TimochanのBlog,https://www.timochan.cn/feed,2025/11/8,中文博客,个人博客,中国,中文,中文独立博客项目
流浪天下,https://maie.name/feed,2025/11/8,中文博客,个人博客,中国,中文,中文独立博客项目
飞刀博客,https://www.feidaoboke.com/feed.php,2025/11/7,中文博客,个人博客,中国,中文,中文独立博客项目
ZhensJoke 飞云算,https://blog.fyun.org/feed,2025/11/6,中文博客,个人博客,中国,中文,中文独立博客项目
晴空树,https://pinaland.cn/feed/,2025/11/6,中文博客,个人博客,中国,中文,中文独立博客项目
时间的朋友,https://blog.storycn.cn/index.xml,2025/11/5,中文博客,个人博客,中国,中文,中文独立博客项目
Lamber的博客,https://lamber-maybe.com/blog/index.xml,2025/11/5,中文博客,个人博客,中国,中文,中文独立博客项目
This cute world,https://thiscute.world/index.xml,2025/11/4,中文博客,个人博客,中国,中文,中文独立博客项目
一派胡言,https://dantezy.xyz/rss.xml,2025/11/4,中文博客,个人博客,中国,中文,中文独立博客项目
电波障害,https://www.sund.site/index.xml,2025/11/3,中文博客,个人博客,中国,中文,中文独立博客项目
技术小黑屋,https://droidyue.com/atom.xml,2025/11/2,中文博客,个人博客,中国,中文,中文独立博客项目
十月遗忘诗,https://greniray.org/feed,2025/11/2,中文博客,个人博客,中国,中文,中文独立博客项目
巴哈姆特 GNN,https://gnn.gamer.com.tw/rss.xml,,游戏娱乐,分类订阅,中国台湾,中文,手动添加
触乐 ChuApp,http://www.chuapp.com/feed,,游戏娱乐,分类订阅,中国,中文,手动添加
少数派,https://sspai.com/feed,,软件应用,分类订阅,中国,中文,手动添加
IGN,http://feeds.ign.com/ign/news,,游戏娱乐,分类订阅,美国,英文,手动添加
Eurogamer,https://www.eurogamer.net/?format=rss,,游戏娱乐,分类订阅,英国,英文,手动添加
Kotaku,https://kotaku.com/rss,,游戏娱乐,分类订阅,美国,英文,手动添加
PC Gamer,https://www.pcgamer.com/rss,,游戏娱乐,分类订阅,美国,英文,手动添加
Rock Paper Shotgun,https://www.rockpapershotgun.com/feed/,,游戏娱乐,分类订阅,英国,英文,手动添加
Steam News,https://store.steampowered.com/feeds/news.xml,,游戏娱乐,分类订阅,美国,英文,手动添加